YEAR,State,FISHERY,SCI_NAM,Landings pounds,Landings metric tons,Landings dollars,Confidentiality,Collection,Tsn,Source
2024,CONNECTICUT,"BASS, STRIPED",Morone saxatilis,"4,667",2,"23,073",Public,Commercial,167680,ACCSP
2024,MASSACHUSETTS,"BASS, STRIPED",Morone saxatilis,"663,343",301,"2,853,053",Public,Commercial,167680,ACCSP
2024,RHODE ISLAND,"BASS, STRIPED",Morone saxatilis,"124,568",57,"547,844",Public,Commercial,167680,ACCSP
2023,CONNECTICUT,"BASS, STRIPED",Morone saxatilis,"2,232",1,"9,138",Public,Commercial,167680,ACCSP
2023,MASSACHUSETTS,"BASS, STRIPED",Morone saxatilis,"677,774",307,"2,563,453",Public,Commercial,167680,ACCSP
2023,RHODE ISLAND,"BASS, STRIPED",Morone saxatilis,"132,108",60,"542,369",Public,Commercial,167680,ACCSP
2022,CONNECTICUT,"BASS, STRIPED",Morone saxatilis,"6,121",3,"23,696",Public,Commercial,167680,ACCSP
2022,MASSACHUSETTS,"BASS, STRIPED",Morone saxatilis,"770,363",349,"3,112,414",Public,Commercial,167680,ACCSP
2022,RHODE ISLAND,"BASS, STRIPED",Morone saxatilis,"162,557",74,"606,413",Public,Commercial,167680,ACCSP
2021,CONNECTICUT,"BASS, STRIPED",Morone saxatilis,"6,704",3,"34,267",Public,Commercial,167680,ACCSP
2021,MASSACHUSETTS,"BASS, STRIPED",Morone saxatilis,"731,278",332,"3,420,275",Public,Commercial,167680,ACCSP
2021,RHODE ISLAND,"BASS, STRIPED",Morone saxatilis,"130,308",59,"539,824",Public,Commercial,167680,ACCSP
2024,CONNECTICUT,"COD, ATLANTIC",Gadus morhua,"1,102",0,"2,982",Public,Commercial,164712,ACCSP
2024,MAINE,"COD, ATLANTIC",Gadus morhua,"75,013",34,"142,603",Public,Commercial,164712,ACCSP
2024,MASSACHUSETTS,"COD, ATLANTIC",Gadus morhua,"1,299,179",589,"2,572,732",Public,Commercial,164712,ACCSP
2024,NEW HAMPSHIRE,"COD, ATLANTIC",Gadus morhua,"43,728",20,"98,593",Public,Commercial,164712,ACCSP
2024,RHODE ISLAND,"COD, ATLANTIC",Gadus morhua,"5,621",3,"10,160",Public,Commercial,164712,ACCSP
2023,CONNECTICUT,"COD, ATLANTIC",Gadus morhua,926,0,"1,838",Public,Commercial,164712,ACCSP
2023,MAINE,"COD, ATLANTIC",Gadus morhua,"95,225",43,"203,252",Public,Commercial,164712,ACCSP
2023,MASSACHUSETTS,"COD, ATLANTIC",Gadus morhua,"944,633",428,"1,893,149",Public,Commercial,164712,ACCSP
2023,NEW HAMPSHIRE,"COD, ATLANTIC",Gadus morhua,"36,859",17,"80,589",Public,Commercial,164712,ACCSP
2023,RHODE ISLAND,"COD, ATLANTIC",Gadus morhua,"7,029",3,"16,573",Public,Commercial,164712,ACCSP
2022,CONNECTICUT,"COD, ATLANTIC",Gadus morhua,511,0,"1,452",Public,Commercial,164712,ACCSP
2022,MAINE,"COD, ATLANTIC",Gadus morhua,"56,110",25,"164,732",Public,Commercial,164712,ACCSP
2022,MASSACHUSETTS,"COD, ATLANTIC",Gadus morhua,"1,004,226",456,"2,084,137",Public,Commercial,164712,ACCSP
2022,NEW HAMPSHIRE,"COD, ATLANTIC",Gadus morhua,"14,182",6,"34,650",Public,Commercial,164712,ACCSP
2022,RHODE ISLAND,"COD, ATLANTIC",Gadus morhua,"6,520",3,"15,072",Public,Commercial,164712,ACCSP
2021,CONNECTICUT,"COD, ATLANTIC",Gadus morhua,"2,277",1,"5,029",Public,Commercial,164712,ACCSP
2021,MAINE,"COD, ATLANTIC",Gadus morhua,"47,311",21,"128,833",Public,Commercial,164712,ACCSP
2021,MASSACHUSETTS,"COD, ATLANTIC",Gadus morhua,"1,201,132",545,"2,619,925",Public,Commercial,164712,ACCSP
2021,NEW HAMPSHIRE,"COD, ATLANTIC",Gadus morhua,"45,836",21,"124,633",Public,Commercial,164712,ACCSP
2021,RHODE ISLAND,"COD, ATLANTIC",Gadus morhua,"12,803",6,"26,286",Public,Commercial,164712,ACCSP
2024,CONNECTICUT,"FLOUNDER, AMERICAN PLAICE",Hippoglossoides platessoides,"9,888",4,"12,674",Public,Commercial,172877,ACCSP
2024,MAINE,"FLOUNDER, AMERICAN PLAICE",Hippoglossoides platessoides,"533,194",242,"822,947",Public,Commercial,172877,ACCSP
2024,MASSACHUSETTS,"FLOUNDER, AMERICAN PLAICE",Hippoglossoides platessoides,"2,459,047","1,115","4,165,481",Public,Commercial,172877,ACCSP
2024,NEW HAMPSHIRE,"FLOUNDER, AMERICAN PLAICE",Hippoglossoides platessoides,"9,427",4,"13,542",Public,Commercial,172877,ACCSP
2023,CONNECTICUT,"FLOUNDER, AMERICAN PLAICE",Hippoglossoides platessoides,"4,678",2,"7,023",Public,Commercial,172877,ACCSP
2023,MAINE,"FLOUNDER, AMERICAN PLAICE",Hippoglossoides platessoides,"403,627",183,"558,958",Public,Commercial,172877,ACCSP
2023,MASSACHUSETTS,"FLOUNDER, AMERICAN PLAICE",Hippoglossoides platessoides,"2,145,852",973,"2,888,513",Public,Commercial,172877,ACCSP
2023,NEW HAMPSHIRE,"FLOUNDER, AMERICAN PLAICE",Hippoglossoides platessoides,"16,553",8,"22,751",Public,Commercial,172877,ACCSP
2023,RHODE ISLAND,"FLOUNDER, AMERICAN PLAICE",Hippoglossoides platessoides,,,,Confidential,Commercial,172877,ACCSP
2022,CONNECTICUT,"FLOUNDER, AMERICAN PLAICE",Hippoglossoides platessoides,799,0,"1,020",Public,Commercial,172877,ACCSP
2022,MAINE,"FLOUNDER, AMERICAN PLAICE",Hippoglossoides platessoides,"114,327",52,"164,774",Public,Commercial,172877,ACCSP
2022,MASSACHUSETTS,"FLOUNDER, AMERICAN PLAICE",Hippoglossoides platessoides,"1,405,974",638,"2,369,740",Public,Commercial,172877,ACCSP
2022,NEW HAMPSHIRE,"FLOUNDER, AMERICAN PLAICE",Hippoglossoides platessoides,"5,714",3,"6,270",Public,Commercial,172877,ACCSP
2021,CONNECTICUT,"FLOUNDER, AMERICAN PLAICE",Hippoglossoides platessoides,"3,504",2,"4,022",Public,Commercial,172877,ACCSP
2021,MAINE,"FLOUNDER, AMERICAN PLAICE",Hippoglossoides platessoides,"34,696",16,"64,524",Public,Commercial,172877,ACCSP
2021,MASSACHUSETTS,"FLOUNDER, AMERICAN PLAICE",Hippoglossoides platessoides,"1,416,999",643,"2,487,136",Public,Commercial,172877,ACCSP
2021,NEW HAMPSHIRE,"FLOUNDER, AMERICAN PLAICE",Hippoglossoides platessoides,"13,893",6,"13,200",Public,Commercial,172877,ACCSP
2024,CONNECTICUT,"FLOUNDER, FOURSPOT",Paralichthys oblongus,"11,461",5,"12,829",Public,Commercial,172739,ACCSP
2023,CONNECTICUT,"FLOUNDER, FOURSPOT",Paralichthys oblongus,"2,499",1,"3,732",Public,Commercial,172739,ACCSP
2022,CONNECTICUT,"FLOUNDER, FOURSPOT",Paralichthys oblongus,"1,281",1,"1,952",Public,Commercial,172739,ACCSP
2022,MASSACHUSETTS,"FLOUNDER, FOURSPOT",Paralichthys oblongus,,,,Confidential,Commercial,172739,ACCSP
2021,CONNECTICUT,"FLOUNDER, FOURSPOT",Paralichthys oblongus,"2,181",1,"2,438",Public,Commercial,172739,ACCSP
2021,MASSACHUSETTS,"FLOUNDER, FOURSPOT",Paralichthys oblongus,,,,Confidential,Commercial,172739,ACCSP
2023,MASSACHUSETTS,"FLOUNDER, SOUTHERN",Paralichthys lethostigma,,,,Confidential,Commercial,172738,ACCSP
2022,MASSACHUSETTS,"FLOUNDER, SOUTHERN",Paralichthys lethostigma,,,,Confidential,Commercial,172738,ACCSP
2024,CONNECTICUT,"FLOUNDER, SUMMER",Paralichthys dentatus,"198,439",90,"975,352",Public,Commercial,172735,ACCSP
2024,MASSACHUSETTS,"FLOUNDER, SUMMER",Paralichthys dentatus,"641,515",291,"2,142,148",Public,Commercial,172735,ACCSP
2024,RHODE ISLAND,"FLOUNDER, SUMMER",Paralichthys dentatus,"1,395,072",633,"4,917,106",Public,Commercial,172735,ACCSP
2023,CONNECTICUT,"FLOUNDER, SUMMER",Paralichthys dentatus,"898,214",407,"2,610,319",Public,Commercial,172735,ACCSP
2023,MASSACHUSETTS,"FLOUNDER, SUMMER",Paralichthys dentatus,"981,608",445,"2,095,375",Public,Commercial,172735,ACCSP
2023,RHODE ISLAND,"FLOUNDER, SUMMER",Paralichthys dentatus,"2,254,206","1,023","5,870,105",Public,Commercial,172735,ACCSP
2022,CONNECTICUT,"FLOUNDER, SUMMER",Paralichthys dentatus,"904,036",410,"2,549,088",Public,Commercial,172735,ACCSP
2022,MASSACHUSETTS,"FLOUNDER, SUMMER",Paralichthys dentatus,"876,156",397,"2,378,435",Public,Commercial,172735,ACCSP
2022,RHODE ISLAND,"FLOUNDER, SUMMER",Paralichthys dentatus,"2,080,691",944,"5,722,505",Public,Commercial,172735,ACCSP
2021,CONNECTICUT,"FLOUNDER, SUMMER",Paralichthys dentatus,"713,608",324,"2,482,491",Public,Commercial,172735,ACCSP
2021,MASSACHUSETTS,"FLOUNDER, SUMMER",Paralichthys dentatus,"714,422",324,"2,128,731",Public,Commercial,172735,ACCSP
2021,NEW HAMPSHIRE,"FLOUNDER, SUMMER",Paralichthys dentatus,,,,Confidential,Commercial,172735,ACCSP
2021,RHODE ISLAND,"FLOUNDER, SUMMER",Paralichthys dentatus,"1,893,347",859,"5,576,112",Public,Commercial,172735,ACCSP
2024,CONNECTICUT,"FLOUNDER, WINTER",Pseudopleuronectes americanus,"2,784",1,"6,704",Public,Commercial,172905,ACCSP
2024,MAINE,"FLOUNDER, WINTER",Pseudopleuronectes americanus,,,,Confidential,Commercial,172905,ACCSP
2024,MASSACHUSETTS,"FLOUNDER, WINTER",Pseudopleuronectes americanus,"1,859,198",843,"3,637,385",Public,Commercial,172905,ACCSP
2024,NEW HAMPSHIRE,"FLOUNDER, WINTER",Pseudopleuronectes americanus,"2,377",1,"4,442",Public,Commercial,172905,ACCSP
2024,RHODE ISLAND,"FLOUNDER, WINTER",Pseudopleuronectes americanus,"26,988",12,"69,286",Public,Commercial,172905,ACCSP
2023,CONNECTICUT,"FLOUNDER, WINTER",Pseudopleuronectes americanus,"1,973",1,"3,728",Public,Commercial,172905,ACCSP
2023,MAINE,"FLOUNDER, WINTER",Pseudopleuronectes americanus,,,,Confidential,Commercial,172905,ACCSP
2023,MASSACHUSETTS,"FLOUNDER, WINTER",Pseudopleuronectes americanus,"797,489",362,"1,532,561",Public,Commercial,172905,ACCSP
2023,NEW HAMPSHIRE,"FLOUNDER, WINTER",Pseudopleuronectes americanus,"1,286",1,"2,462",Public,Commercial,172905,ACCSP
2023,RHODE ISLAND,"FLOUNDER, WINTER",Pseudopleuronectes americanus,"19,566",9,"36,601",Public,Commercial,172905,ACCSP
2022,CONNECTICUT,"FLOUNDER, WINTER",Pseudopleuronectes americanus,"7,567",3,"21,372",Public,Commercial,172905,ACCSP
2022,MAINE,"FLOUNDER, WINTER",Pseudopleuronectes americanus,328,0,550,Public,Commercial,172905,ACCSP
2022,MASSACHUSETTS,"FLOUNDER, WINTER",Pseudopleuronectes americanus,"648,029",294,"1,381,133",Public,Commercial,172905,ACCSP
2022,NEW HAMPSHIRE,"FLOUNDER, WINTER",Pseudopleuronectes americanus,956,0,"1,642",Public,Commercial,172905,ACCSP
2022,RHODE ISLAND,"FLOUNDER, WINTER",Pseudopleuronectes americanus,"30,286",14,"81,865",Public,Commercial,172905,ACCSP
2021,CONNECTICUT,"FLOUNDER, WINTER",Pseudopleuronectes americanus,"8,591",4,"24,645",Public,Commercial,172905,ACCSP
2021,MAINE,"FLOUNDER, WINTER",Pseudopleuronectes americanus,151,0,303,Public,Commercial,172905,ACCSP
2021,MASSACHUSETTS,"FLOUNDER, WINTER",Pseudopleuronectes americanus,"904,556",410,"2,426,886",Public,Commercial,172905,ACCSP
2021,NEW HAMPSHIRE,"FLOUNDER, WINTER",Pseudopleuronectes americanus,"6,002",3,"10,716",Public,Commercial,172905,ACCSP
2021,RHODE ISLAND,"FLOUNDER, WINTER",Pseudopleuronectes americanus,"67,452",31,"177,581",Public,Commercial,172905,ACCSP
2024,CONNECTICUT,"FLOUNDER, WITCH",Glyptocephalus cynoglossus,"1,254",1,"1,914",Public,Commercial,172873,ACCSP
2024,MAINE,"FLOUNDER, WITCH",Glyptocephalus cynoglossus,"186,398",85,"252,647",Public,Commercial,172873,ACCSP
2024,MASSACHUSETTS,"FLOUNDER, WITCH",Glyptocephalus cynoglossus,"2,099,855",952,"3,017,686",Public,Commercial,172873,ACCSP
2024,NEW HAMPSHIRE,"FLOUNDER, WITCH",Glyptocephalus cynoglossus,"19,497",9,"30,487",Public,Commercial,172873,ACCSP
2024,RHODE ISLAND,"FLOUNDER, WITCH",Glyptocephalus cynoglossus,42,0,71,Public,Commercial,172873,ACCSP
2023,CONNECTICUT,"FLOUNDER, WITCH",Glyptocephalus cynoglossus,656,0,"1,085",Public,Commercial,172873,ACCSP
2023,MAINE,"FLOUNDER, WITCH",Glyptocephalus cynoglossus,"205,419",93,"243,320",Public,Commercial,172873,ACCSP
2023,MASSACHUSETTS,"FLOUNDER, WITCH",Glyptocephalus cynoglossus,"1,789,344",812,"2,456,793",Public,Commercial,172873,ACCSP
2023,NEW HAMPSHIRE,"FLOUNDER, WITCH",Glyptocephalus cynoglossus,"47,797",22,"87,744",Public,Commercial,172873,ACCSP
2023,RHODE ISLAND,"FLOUNDER, WITCH",Glyptocephalus cynoglossus,,,,Confidential,Commercial,172873,ACCSP
2022,CONNECTICUT,"FLOUNDER, WITCH",Glyptocephalus cynoglossus,894,0,"1,677",Public,Commercial,172873,ACCSP
2022,MAINE,"FLOUNDER, WITCH",Glyptocephalus cynoglossus,"69,809",32,"108,461",Public,Commercial,172873,ACCSP
2022,MASSACHUSETTS,"FLOUNDER, WITCH",Glyptocephalus cynoglossus,"1,594,029",723,"2,701,684",Public,Commercial,172873,ACCSP
2022,NEW HAMPSHIRE,"FLOUNDER, WITCH",Glyptocephalus cynoglossus,"20,295",9,"43,885",Public,Commercial,172873,ACCSP
2022,RHODE ISLAND,"FLOUNDER, WITCH",Glyptocephalus cynoglossus,24,0,31,Public,Commercial,172873,ACCSP
2021,CONNECTICUT,"FLOUNDER, WITCH",Glyptocephalus cynoglossus,"2,153",1,"4,795",Public,Commercial,172873,ACCSP
2021,MAINE,"FLOUNDER, WITCH",Glyptocephalus cynoglossus,"47,639",22,"73,527",Public,Commercial,172873,ACCSP
2021,MASSACHUSETTS,"FLOUNDER, WITCH",Glyptocephalus cynoglossus,"1,714,205",778,"3,012,319",Public,Commercial,172873,ACCSP
2021,NEW HAMPSHIRE,"FLOUNDER, WITCH",Glyptocephalus cynoglossus,"23,503",11,"37,755",Public,Commercial,172873,ACCSP
2021,RHODE ISLAND,"FLOUNDER, WITCH",Glyptocephalus cynoglossus,22,0,31,Public,Commercial,172873,ACCSP
2024,CONNECTICUT,"FLOUNDER, YELLOWTAIL",Limanda ferruginea,18,0,18,Public,Commercial,172909,ACCSP
2024,MAINE,"FLOUNDER, YELLOWTAIL",Limanda ferruginea,,,,Confidential,Commercial,172909,ACCSP
2024,MASSACHUSETTS,"FLOUNDER, YELLOWTAIL",Limanda ferruginea,"547,656",248,"422,099",Public,Commercial,172909,ACCSP
2024,NEW HAMPSHIRE,"FLOUNDER, YELLOWTAIL",Limanda ferruginea,"8,566",4,"6,950",Public,Commercial,172909,ACCSP
2024,RHODE ISLAND,"FLOUNDER, YELLOWTAIL",Limanda ferruginea,9,0,16,Public,Commercial,172909,ACCSP
2023,CONNECTICUT,"FLOUNDER, YELLOWTAIL",Limanda ferruginea,7,0,12,Public,Commercial,172909,ACCSP
2023,MAINE,"FLOUNDER, YELLOWTAIL",Limanda ferruginea,,,,Confidential,Commercial,172909,ACCSP
2023,MASSACHUSETTS,"FLOUNDER, YELLOWTAIL",Limanda ferruginea,"610,489",277,"428,305",Public,Commercial,172909,ACCSP
2023,NEW HAMPSHIRE,"FLOUNDER, YELLOWTAIL",Limanda ferruginea,"14,953",7,"10,185",Public,Commercial,172909,ACCSP
2023,RHODE ISLAND,"FLOUNDER, YELLOWTAIL",Limanda ferruginea,114,0,128,Public,Commercial,172909,ACCSP
2022,MAINE,"FLOUNDER, YELLOWTAIL",Limanda ferruginea,,,,Confidential,Commercial,172909,ACCSP
2022,MASSACHUSETTS,"FLOUNDER, YELLOWTAIL",Limanda ferruginea,"493,793",224,"444,459",Public,Commercial,172909,ACCSP
2022,NEW HAMPSHIRE,"FLOUNDER, YELLOWTAIL",Limanda ferruginea,"5,388",2,"3,769",Public,Commercial,172909,ACCSP
2022,RHODE ISLAND,"FLOUNDER, YELLOWTAIL",Limanda ferruginea,115,0,188,Public,Commercial,172909,ACCSP
2021,CONNECTICUT,"FLOUNDER, YELLOWTAIL",Limanda ferruginea,574,0,"1,083",Public,Commercial,172909,ACCSP
2021,MAINE,"FLOUNDER, YELLOWTAIL",Limanda ferruginea,41,0,25,Public,Commercial,172909,ACCSP
2021,MASSACHUSETTS,"FLOUNDER, YELLOWTAIL",Limanda ferruginea,"1,579,409",716,"1,420,834",Public,Commercial,172909,ACCSP
2021,NEW HAMPSHIRE,"FLOUNDER, YELLOWTAIL",Limanda ferruginea,"12,129",6,"8,568",Public,Commercial,172909,ACCSP
2021,RHODE ISLAND,"FLOUNDER, YELLOWTAIL",Limanda ferruginea,628,0,922,Public,Commercial,172909,ACCSP
2024,CONNECTICUT,MONKFISH,Lophius americanus,"26,437",12,"16,124",Public,Commercial,164499,ACCSP
2024,MAINE,MONKFISH,Lophius americanus,"1,133,262",514,"702,026",Public,Commercial,164499,ACCSP
2024,MASSACHUSETTS,MONKFISH,Lophius americanus,"10,057,991","4,562","6,587,230",Public,Commercial,164499,ACCSP
2024,NEW HAMPSHIRE,MONKFISH,Lophius americanus,"481,261",218,"299,933",Public,Commercial,164499,ACCSP
2024,RHODE ISLAND,MONKFISH,Lophius americanus,"833,402",378,"753,163",Public,Commercial,164499,ACCSP
2023,CONNECTICUT,MONKFISH,Lophius americanus,"37,680",17,"27,830",Public,Commercial,164499,ACCSP
2023,MAINE,MONKFISH,Lophius americanus,"1,517,366",688,"946,832",Public,Commercial,164499,ACCSP
2023,MASSACHUSETTS,MONKFISH,Lophius americanus,"10,918,312","4,953","8,093,305",Public,Commercial,164499,ACCSP
2023,NEW HAMPSHIRE,MONKFISH,Lophius americanus,"589,559",267,"428,312",Public,Commercial,164499,ACCSP
2023,RHODE ISLAND,MONKFISH,Lophius americanus,"1,576,770",715,"1,552,587",Public,Commercial,164499,ACCSP
2022,CONNECTICUT,MONKFISH,Lophius americanus,"45,124",20,"34,050",Public,Commercial,164499,ACCSP
2022,MAINE,MONKFISH,Lophius americanus,"1,215,250",551,"1,034,007",Public,Commercial,164499,ACCSP
2022,MASSACHUSETTS,MONKFISH,Lophius americanus,"10,223,079","4,637","8,894,923",Public,Commercial,164499,ACCSP
2022,NEW HAMPSHIRE,MONKFISH,Lophius americanus,"243,804",111,"231,080",Public,Commercial,164499,ACCSP
2022,RHODE ISLAND,MONKFISH,Lophius americanus,"1,804,972",819,"1,691,028",Public,Commercial,164499,ACCSP
2021,CONNECTICUT,MONKFISH,Lophius americanus,"71,104",32,"41,415",Public,Commercial,164499,ACCSP
2021,MAINE,MONKFISH,Lophius americanus,"1,021,448",463,"710,164",Public,Commercial,164499,ACCSP
2021,MASSACHUSETTS,MONKFISH,Lophius americanus,"10,709,239","4,858","7,007,962",Public,Commercial,164499,ACCSP
2021,NEW HAMPSHIRE,MONKFISH,Lophius americanus,"283,217",128,"224,892",Public,Commercial,164499,ACCSP
2021,RHODE ISLAND,MONKFISH,Lophius americanus,"1,552,853",704,"1,051,221",Public,Commercial,164499,ACCSP
2024,CONNECTICUT,HADDOCK,Melanogrammus aeglefinus,55,0,115,Public,Commercial,164744,ACCSP
2024,MAINE,HADDOCK,Melanogrammus aeglefinus,"348,017",158,"612,077",Public,Commercial,164744,ACCSP
2024,MASSACHUSETTS,HADDOCK,Melanogrammus aeglefinus,"6,856,603","3,110","9,041,597",Public,Commercial,164744,ACCSP
2024,NEW HAMPSHIRE,HADDOCK,Melanogrammus aeglefinus,"32,316",15,"38,397",Public,Commercial,164744,ACCSP
2023,CONNECTICUT,HADDOCK,Melanogrammus aeglefinus,262,0,718,Public,Commercial,164744,ACCSP
2023,MAINE,HADDOCK,Melanogrammus aeglefinus,"563,187",255,"949,565",Public,Commercial,164744,ACCSP
2023,MASSACHUSETTS,HADDOCK,Melanogrammus aeglefinus,"9,805,979","4,448","12,104,737",Public,Commercial,164744,ACCSP
2023,NEW HAMPSHIRE,HADDOCK,Melanogrammus aeglefinus,"185,165",84,"196,670",Public,Commercial,164744,ACCSP
2022,CONNECTICUT,HADDOCK,Melanogrammus aeglefinus,375,0,574,Public,Commercial,164744,ACCSP
2022,MAINE,HADDOCK,Melanogrammus aeglefinus,"246,274",112,"529,953",Public,Commercial,164744,ACCSP
2022,MASSACHUSETTS,HADDOCK,Melanogrammus aeglefinus,"10,565,631","4,793","17,010,464",Public,Commercial,164744,ACCSP
2022,NEW HAMPSHIRE,HADDOCK,Melanogrammus aeglefinus,"242,032",110,"418,648",Public,Commercial,164744,ACCSP
2022,RHODE ISLAND,HADDOCK,Melanogrammus aeglefinus,,,,Confidential,Commercial,164744,ACCSP
2021,CONNECTICUT,HADDOCK,Melanogrammus aeglefinus,"4,041",2,"5,488",Public,Commercial,164744,ACCSP
2021,MAINE,HADDOCK,Melanogrammus aeglefinus,"192,292",87,"319,905",Public,Commercial,164744,ACCSP
2021,MASSACHUSETTS,HADDOCK,Melanogrammus aeglefinus,"15,541,180","7,049","19,090,173",Public,Commercial,164744,ACCSP
2021,NEW HAMPSHIRE,HADDOCK,Melanogrammus aeglefinus,"370,828",168,"504,824",Public,Commercial,164744,ACCSP
2021,RHODE ISLAND,HADDOCK,Melanogrammus aeglefinus,,,,Confidential,Commercial,164744,ACCSP
2024,MASSACHUSETTS,"HAKE, OFFSHORE",Merluccius albidus,,,,Confidential,Commercial,164793,ACCSP
2024,RHODE ISLAND,"HAKE, OFFSHORE",Merluccius albidus,,,,Confidential,Commercial,164793,ACCSP
2023,MAINE,"HAKE, OFFSHORE",Merluccius albidus,,,,Confidential,Commercial,164793,ACCSP
2023,MASSACHUSETTS,"HAKE, OFFSHORE",Merluccius albidus,,,,Confidential,Commercial,164793,ACCSP
2023,RHODE ISLAND,"HAKE, OFFSHORE",Merluccius albidus,,,,Confidential,Commercial,164793,ACCSP
2022,RHODE ISLAND,"HAKE, OFFSHORE",Merluccius albidus,,,,Confidential,Commercial,164793,ACCSP
2021,MASSACHUSETTS,"HAKE, OFFSHORE",Merluccius albidus,,,,Confidential,Commercial,164793,ACCSP
2021,RHODE ISLAND,"HAKE, OFFSHORE",Merluccius albidus,,,,Confidential,Commercial,164793,ACCSP
2024,CONNECTICUT,"HAKE, RED",Urophycis chuss,"8,096",4,"5,488",Public,Commercial,164730,ACCSP
2024,MASSACHUSETTS,"HAKE, RED",Urophycis chuss,"156,767",71,"84,806",Public,Commercial,164730,ACCSP
2024,RHODE ISLAND,"HAKE, RED",Urophycis chuss,"263,865",120,"81,173",Public,Commercial,164730,ACCSP
2023,CONNECTICUT,"HAKE, RED",Urophycis chuss,"13,073",6,"8,470",Public,Commercial,164730,ACCSP
2023,MASSACHUSETTS,"HAKE, RED",Urophycis chuss,"145,281",66,"86,836",Public,Commercial,164730,ACCSP
2023,RHODE ISLAND,"HAKE, RED",Urophycis chuss,"211,297",96,"95,544",Public,Commercial,164730,ACCSP
2022,CONNECTICUT,"HAKE, RED",Urophycis chuss,"13,201",6,"10,800",Public,Commercial,164730,ACCSP
2022,MAINE,"HAKE, RED",Urophycis chuss,,,,Confidential,Commercial,164730,ACCSP
2022,MASSACHUSETTS,"HAKE, RED",Urophycis chuss,"155,886",71,"116,636",Public,Commercial,164730,ACCSP
2022,RHODE ISLAND,"HAKE, RED",Urophycis chuss,"124,284",56,"83,287",Public,Commercial,164730,ACCSP
2021,CONNECTICUT,"HAKE, RED",Urophycis chuss,"45,964",21,"29,778",Public,Commercial,164730,ACCSP
2021,MASSACHUSETTS,"HAKE, RED",Urophycis chuss,"85,443",39,"59,356",Public,Commercial,164730,ACCSP
2021,NEW HAMPSHIRE,"HAKE, RED",Urophycis chuss,,,,Confidential,Commercial,164730,ACCSP
2021,RHODE ISLAND,"HAKE, RED",Urophycis chuss,"223,508",101,"93,166",Public,Commercial,164730,ACCSP
2024,CONNECTICUT,"HAKE, SILVER",Merluccius bilinearis,"142,274",65,"152,741",Public,Commercial,164791,ACCSP
2024,MAINE,"HAKE, SILVER",Merluccius bilinearis,,,,Confidential,Commercial,164791,ACCSP
2024,MASSACHUSETTS,"HAKE, SILVER",Merluccius bilinearis,"5,727,397","2,598","4,758,822",Public,Commercial,164791,ACCSP
2024,NEW HAMPSHIRE,"HAKE, SILVER",Merluccius bilinearis,,,,Confidential,Commercial,164791,ACCSP
2024,RHODE ISLAND,"HAKE, SILVER",Merluccius bilinearis,"4,664,782","2,116","2,216,112",Public,Commercial,164791,ACCSP
2023,CONNECTICUT,"HAKE, SILVER",Merluccius bilinearis,"52,583",24,"56,524",Public,Commercial,164791,ACCSP
2023,MAINE,"HAKE, SILVER",Merluccius bilinearis,"27,020",12,"12,097",Public,Commercial,164791,ACCSP
2023,MASSACHUSETTS,"HAKE, SILVER",Merluccius bilinearis,"5,175,731","2,348","4,953,893",Public,Commercial,164791,ACCSP
2023,NEW HAMPSHIRE,"HAKE, SILVER",Merluccius bilinearis,"7,406",3,"4,714",Public,Commercial,164791,ACCSP
2023,RHODE ISLAND,"HAKE, SILVER",Merluccius bilinearis,"3,115,115","1,413","1,803,208",Public,Commercial,164791,ACCSP
2022,CONNECTICUT,"HAKE, SILVER",Merluccius bilinearis,"340,392",154,"387,517",Public,Commercial,164791,ACCSP
2022,MAINE,"HAKE, SILVER",Merluccius bilinearis,"8,308",4,"3,545",Public,Commercial,164791,ACCSP
2022,MASSACHUSETTS,"HAKE, SILVER",Merluccius bilinearis,"6,560,756","2,976","8,096,084",Public,Commercial,164791,ACCSP
2022,NEW HAMPSHIRE,"HAKE, SILVER",Merluccius bilinearis,"9,956",5,"7,623",Public,Commercial,164791,ACCSP
2022,RHODE ISLAND,"HAKE, SILVER",Merluccius bilinearis,"2,309,418","1,048","1,942,191",Public,Commercial,164791,ACCSP
2021,CONNECTICUT,"HAKE, SILVER",Merluccius bilinearis,"883,742",401,"789,357",Public,Commercial,164791,ACCSP
2021,MAINE,"HAKE, SILVER",Merluccius bilinearis,"5,443",2,"4,850",Public,Commercial,164791,ACCSP
2021,MASSACHUSETTS,"HAKE, SILVER",Merluccius bilinearis,"5,171,240","2,346","5,874,435",Public,Commercial,164791,ACCSP
2021,NEW HAMPSHIRE,"HAKE, SILVER",Merluccius bilinearis,"27,254",12,"20,120",Public,Commercial,164791,ACCSP
2021,RHODE ISLAND,"HAKE, SILVER",Merluccius bilinearis,"2,896,455","1,314","2,365,741",Public,Commercial,164791,ACCSP
2024,CONNECTICUT,"HAKE, WHITE",Urophycis tenuis,355,0,313,Public,Commercial,164732,ACCSP
2024,MAINE,"HAKE, WHITE",Urophycis tenuis,"326,939",148,"527,064",Public,Commercial,164732,ACCSP
2024,MASSACHUSETTS,"HAKE, WHITE",Urophycis tenuis,"3,252,979","1,476","4,379,210",Public,Commercial,164732,ACCSP
2024,NEW HAMPSHIRE,"HAKE, WHITE",Urophycis tenuis,"66,143",30,"99,586",Public,Commercial,164732,ACCSP
2024,RHODE ISLAND,"HAKE, WHITE",Urophycis tenuis,,,,Confidential,Commercial,164732,ACCSP
2023,MAINE,"HAKE, WHITE",Urophycis tenuis,"372,336",169,"618,394",Public,Commercial,164732,ACCSP
2023,MASSACHUSETTS,"HAKE, WHITE",Urophycis tenuis,"3,866,662","1,754","4,451,572",Public,Commercial,164732,ACCSP
2023,NEW HAMPSHIRE,"HAKE, WHITE",Urophycis tenuis,,,,Confidential,Commercial,164732,ACCSP
2023,RHODE ISLAND,"HAKE, WHITE",Urophycis tenuis,,,,Confidential,Commercial,164732,ACCSP
2022,CONNECTICUT,"HAKE, WHITE",Urophycis tenuis,20,0,35,Public,Commercial,164732,ACCSP
2022,MAINE,"HAKE, WHITE",Urophycis tenuis,"380,418",173,"796,704",Public,Commercial,164732,ACCSP
2022,MASSACHUSETTS,"HAKE, WHITE",Urophycis tenuis,"3,089,769","1,402","4,647,645",Public,Commercial,164732,ACCSP
2022,NEW HAMPSHIRE,"HAKE, WHITE",Urophycis tenuis,"50,537",23,"85,714",Public,Commercial,164732,ACCSP
2022,RHODE ISLAND,"HAKE, WHITE",Urophycis tenuis,,,,Confidential,Commercial,164732,ACCSP
2021,MAINE,"HAKE, WHITE",Urophycis tenuis,"210,424",95,"390,189",Public,Commercial,164732,ACCSP
2021,MASSACHUSETTS,"HAKE, WHITE",Urophycis tenuis,"3,712,214","1,684","4,879,124",Public,Commercial,164732,ACCSP
2021,NEW HAMPSHIRE,"HAKE, WHITE",Urophycis tenuis,"141,585",64,"211,749",Public,Commercial,164732,ACCSP
2021,RHODE ISLAND,"HAKE, WHITE",Urophycis tenuis,,,,Confidential,Commercial,164732,ACCSP
2024,CONNECTICUT,"HAKES, MERLUCCIUS (GENUS) **",Merluccius,41,0,34,Public,Commercial,164790,ACCSP
2024,MASSACHUSETTS,"HAKES, MERLUCCIUS (GENUS) **",Merluccius,,,,Confidential,Commercial,164790,ACCSP
2024,RHODE ISLAND,"HAKES, MERLUCCIUS (GENUS) **",Merluccius,,,,Confidential,Commercial,164790,ACCSP
2023,CONNECTICUT,"HAKES, MERLUCCIUS (GENUS) **",Merluccius,12,0,14,Public,Commercial,164790,ACCSP
2023,MAINE,"HAKES, MERLUCCIUS (GENUS) **",Merluccius,,,,Confidential,Commercial,164790,ACCSP
2023,MASSACHUSETTS,"HAKES, MERLUCCIUS (GENUS) **",Merluccius,,,,Confidential,Commercial,164790,ACCSP
2023,RHODE ISLAND,"HAKES, MERLUCCIUS (GENUS) **",Merluccius,,,,Confidential,Commercial,164790,ACCSP
2022,CONNECTICUT,"HAKES, MERLUCCIUS (GENUS) **",Merluccius,60,0,120,Public,Commercial,164790,ACCSP
2022,RHODE ISLAND,"HAKES, MERLUCCIUS (GENUS) **",Merluccius,,,,Confidential,Commercial,164790,ACCSP
2021,CONNECTICUT,"HAKES, MERLUCCIUS (GENUS) **",Merluccius,46,0,69,Public,Commercial,164790,ACCSP
2021,MAINE,"HAKES, MERLUCCIUS (GENUS) **",Merluccius,,,,Confidential,Commercial,164790,ACCSP
2021,RHODE ISLAND,"HAKES, MERLUCCIUS (GENUS) **",Merluccius,,,,Confidential,Commercial,164790,ACCSP
2024,MASSACHUSETTS,"HAKES, RED AND WHITE **",Urophycis,,,,Confidential,Commercial,164729,ACCSP
2024,RHODE ISLAND,"HAKES, RED AND WHITE **",Urophycis,,,,Confidential,Commercial,164729,ACCSP
2023,CONNECTICUT,"HAKES, RED AND WHITE **",Urophycis,4,0,4,Public,Commercial,164729,ACCSP
2023,MASSACHUSETTS,"HAKES, RED AND WHITE **",Urophycis,,,,Confidential,Commercial,164729,ACCSP
2023,RHODE ISLAND,"HAKES, RED AND WHITE **",Urophycis,,,,Confidential,Commercial,164729,ACCSP
2022,MASSACHUSETTS,"HAKES, RED AND WHITE **",Urophycis,,,,Confidential,Commercial,164729,ACCSP
2022,NEW HAMPSHIRE,"HAKES, RED AND WHITE **",Urophycis,,,,Confidential,Commercial,164729,ACCSP
2022,RHODE ISLAND,"HAKES, RED AND WHITE **",Urophycis,,,,Confidential,Commercial,164729,ACCSP
2021,MASSACHUSETTS,"HAKES, RED AND WHITE **",Urophycis,,,,Confidential,Commercial,164729,ACCSP
2021,NEW HAMPSHIRE,"HAKES, RED AND WHITE **",Urophycis,,,,Confidential,Commercial,164729,ACCSP
2021,RHODE ISLAND,"HAKES, RED AND WHITE **",Urophycis,,,,Confidential,Commercial,164729,ACCSP
2024,CONNECTICUT,"HALIBUT, ATLANTIC",Hippoglossus hippoglossus,239,0,"1,248",Public,Commercial,172933,ACCSP
2024,MAINE,"HALIBUT, ATLANTIC",Hippoglossus hippoglossus,"39,911",18,"252,245",Public,Commercial,172933,ACCSP
2024,MASSACHUSETTS,"HALIBUT, ATLANTIC",Hippoglossus hippoglossus,"36,908",17,"228,554",Public,Commercial,172933,ACCSP
2024,NEW HAMPSHIRE,"HALIBUT, ATLANTIC",Hippoglossus hippoglossus,,,,Confidential,Commercial,172933,ACCSP
2024,RHODE ISLAND,"HALIBUT, ATLANTIC",Hippoglossus hippoglossus,,,,Confidential,Commercial,172933,ACCSP
2023,CONNECTICUT,"HALIBUT, ATLANTIC",Hippoglossus hippoglossus,56,0,294,Public,Commercial,172933,ACCSP
2023,MAINE,"HALIBUT, ATLANTIC",Hippoglossus hippoglossus,"43,003",20,"291,597",Public,Commercial,172933,ACCSP
2023,MASSACHUSETTS,"HALIBUT, ATLANTIC",Hippoglossus hippoglossus,"33,377",15,"191,033",Public,Commercial,172933,ACCSP
2023,NEW HAMPSHIRE,"HALIBUT, ATLANTIC",Hippoglossus hippoglossus,"1,351",1,"10,638",Public,Commercial,172933,ACCSP
2022,MAINE,"HALIBUT, ATLANTIC",Hippoglossus hippoglossus,"27,723",13,"210,755",Public,Commercial,172933,ACCSP
2022,MASSACHUSETTS,"HALIBUT, ATLANTIC",Hippoglossus hippoglossus,"32,219",15,"209,212",Public,Commercial,172933,ACCSP
2022,NEW HAMPSHIRE,"HALIBUT, ATLANTIC",Hippoglossus hippoglossus,,,,Confidential,Commercial,172933,ACCSP
2021,CONNECTICUT,"HALIBUT, ATLANTIC",Hippoglossus hippoglossus,532,0,"3,398",Public,Commercial,172933,ACCSP
2021,MAINE,"HALIBUT, ATLANTIC",Hippoglossus hippoglossus,"31,744",14,"193,312",Public,Commercial,172933,ACCSP
2021,MASSACHUSETTS,"HALIBUT, ATLANTIC",Hippoglossus hippoglossus,"45,783",21,"283,381",Public,Commercial,172933,ACCSP
2021,NEW HAMPSHIRE,"HALIBUT, ATLANTIC",Hippoglossus hippoglossus,"1,914",1,"14,266",Public,Commercial,172933,ACCSP
2021,RHODE ISLAND,"HALIBUT, ATLANTIC",Hippoglossus hippoglossus,,,,Confidential,Commercial,172933,ACCSP
2024,CONNECTICUT,"HERRING, ATLANTIC",Clupea harengus,210,0,158,Public,Commercial,161722,ACCSP
2024,MAINE,"HERRING, ATLANTIC",Clupea harengus,"13,988,489","6,345","5,769,410",Public,Commercial,161722,ACCSP
2024,MASSACHUSETTS,"HERRING, ATLANTIC",Clupea harengus,"7,728,717","3,506","2,355,383",Public,Commercial,161722,ACCSP
2024,RHODE ISLAND,"HERRING, ATLANTIC",Clupea harengus,"132,320",60,"73,007",Public,Commercial,161722,ACCSP
2023,CONNECTICUT,"HERRING, ATLANTIC",Clupea harengus,620,0,289,Public,Commercial,161722,ACCSP
2023,MAINE,"HERRING, ATLANTIC",Clupea harengus,"14,666,707","6,653","5,238,927",Public,Commercial,161722,ACCSP
2023,MASSACHUSETTS,"HERRING, ATLANTIC",Clupea harengus,"5,645,659","2,561","1,744,391",Public,Commercial,161722,ACCSP
2023,RHODE ISLAND,"HERRING, ATLANTIC",Clupea harengus,"1,592,747",722,"778,294",Public,Commercial,161722,ACCSP
2022,CONNECTICUT,"HERRING, ATLANTIC",Clupea harengus,345,0,186,Public,Commercial,161722,ACCSP
2022,MAINE,"HERRING, ATLANTIC",Clupea harengus,"3,822,900","1,734","1,846,609",Public,Commercial,161722,ACCSP
2022,MASSACHUSETTS,"HERRING, ATLANTIC",Clupea harengus,"5,322,852","2,414","1,910,822",Public,Commercial,161722,ACCSP
2022,RHODE ISLAND,"HERRING, ATLANTIC",Clupea harengus,"152,693",69,"54,515",Public,Commercial,161722,ACCSP
2021,CONNECTICUT,"HERRING, ATLANTIC",Clupea harengus,"7,425",3,"3,910",Public,Commercial,161722,ACCSP
2021,MAINE,"HERRING, ATLANTIC",Clupea harengus,"5,043,900","2,288","1,916,282",Public,Commercial,161722,ACCSP
2021,MASSACHUSETTS,"HERRING, ATLANTIC",Clupea harengus,"5,414,805","2,456","1,621,988",Public,Commercial,161722,ACCSP
2021,NEW HAMPSHIRE,"HERRING, ATLANTIC",Clupea harengus,,,,Confidential,Commercial,161722,ACCSP
2021,RHODE ISLAND,"HERRING, ATLANTIC",Clupea harengus,"386,000",175,"87,147",Public,Commercial,161722,ACCSP
2021,NEW HAMPSHIRE,"HERRING, ATLANTIC THREAD",Opisthonema oglinum,,,,Confidential,Commercial,161748,ACCSP
2024,RHODE ISLAND,"HERRING, BLUEBACK",Alosa aestivalis,,,,Confidential,Commercial,161703,ACCSP
2023,RHODE ISLAND,"HERRING, BLUEBACK",Alosa aestivalis,,,,Confidential,Commercial,161703,ACCSP
2022,RHODE ISLAND,"HERRING, BLUEBACK",Alosa aestivalis,,,,Confidential,Commercial,161703,ACCSP
2021,MASSACHUSETTS,"HERRING, BLUEBACK",Alosa aestivalis,,,,Confidential,Commercial,161703,ACCSP
2021,RHODE ISLAND,"HERRING, BLUEBACK",Alosa aestivalis,,,,Confidential,Commercial,161703,ACCSP
2022,MASSACHUSETTS,"HERRING, ROUND",Etrumeus teres,,,,Confidential,Commercial,161743,ACCSP
2021,MASSACHUSETTS,"HERRING, ROUND",Etrumeus teres,"39,670",18,"15,893",Public,Commercial,161743,ACCSP
2024,MASSACHUSETTS,HERRINGS **,Clupeidae,,,,Confidential,Commercial,161700,ACCSP
2024,RHODE ISLAND,HERRINGS **,Clupeidae,,,,Confidential,Commercial,161700,ACCSP
2023,MAINE,HERRINGS **,Clupeidae,,,,Confidential,Commercial,161700,ACCSP
2022,MASSACHUSETTS,HERRINGS **,Clupeidae,,,,Confidential,Commercial,161700,ACCSP
2021,CONNECTICUT,HERRINGS **,Clupeidae,140,0,280,Public,Commercial,161700,ACCSP
2021,MASSACHUSETTS,HERRINGS **,Clupeidae,,,,Confidential,Commercial,161700,ACCSP
2021,RHODE ISLAND,HERRINGS **,Clupeidae,,,,Confidential,Commercial,161700,ACCSP
2024,CONNECTICUT,"SCALLOP, SEA",Placopecten magellanicus,"119,977",54,"1,970,355",Public,Commercial,79718,ACCSP
2024,MAINE,"SCALLOP, SEA",Placopecten magellanicus,"588,536",267,"9,871,781",Public,Commercial,79718,ACCSP
2024,MASSACHUSETTS,"SCALLOP, SEA",Placopecten magellanicus,"16,677,141","7,565","263,248,787",Public,Commercial,79718,ACCSP
2024,NEW HAMPSHIRE,"SCALLOP, SEA",Placopecten magellanicus,"6,641",3,"104,873",Public,Commercial,79718,ACCSP
2024,RHODE ISLAND,"SCALLOP, SEA",Placopecten magellanicus,"724,064",328,"10,195,673",Public,Commercial,79718,ACCSP
2023,CONNECTICUT,"SCALLOP, SEA",Placopecten magellanicus,"174,361",79,"2,254,581",Public,Commercial,79718,ACCSP
2023,MAINE,"SCALLOP, SEA",Placopecten magellanicus,"855,488",388,"11,556,809",Public,Commercial,79718,ACCSP
2023,MASSACHUSETTS,"SCALLOP, SEA",Placopecten magellanicus,"24,151,041","10,955","316,885,497",Public,Commercial,79718,ACCSP
2023,NEW HAMPSHIRE,"SCALLOP, SEA",Placopecten magellanicus,"3,295",1,"49,786",Public,Commercial,79718,ACCSP
2023,RHODE ISLAND,"SCALLOP, SEA",Placopecten magellanicus,"1,017,328",461,"12,681,178",Public,Commercial,79718,ACCSP
2022,CONNECTICUT,"SCALLOP, SEA",Placopecten magellanicus,"355,832",161,"4,977,132",Public,Commercial,79718,ACCSP
2022,MAINE,"SCALLOP, SEA",Placopecten magellanicus,"726,335",329,"11,896,553",Public,Commercial,79718,ACCSP
2022,MASSACHUSETTS,"SCALLOP, SEA",Placopecten magellanicus,"25,963,375","11,777","391,830,878",Public,Commercial,79718,ACCSP
2022,NEW HAMPSHIRE,"SCALLOP, SEA",Placopecten magellanicus,"17,836",8,"315,508",Public,Commercial,79718,ACCSP
2022,RHODE ISLAND,"SCALLOP, SEA",Placopecten magellanicus,"1,363,063",618,"18,310,017",Public,Commercial,79718,ACCSP
2021,CONNECTICUT,"SCALLOP, SEA",Placopecten magellanicus,"411,752",187,"5,909,338",Public,Commercial,79718,ACCSP
2021,MAINE,"SCALLOP, SEA",Placopecten magellanicus,"686,471",311,"10,975,789",Public,Commercial,79718,ACCSP
2021,MASSACHUSETTS,"SCALLOP, SEA",Placopecten magellanicus,"33,665,342","15,270","515,012,766",Public,Commercial,79718,ACCSP
2021,NEW HAMPSHIRE,"SCALLOP, SEA",Placopecten magellanicus,"11,504",5,"194,683",Public,Commercial,79718,ACCSP
2021,RHODE ISLAND,"SCALLOP, SEA",Placopecten magellanicus,"1,981,694",899,"28,787,202",Public,Commercial,79718,ACCSP