FISHERY,SCI_NAM,YEAR,Indicator,Limit metric tons
MONKFISH,Lophius americanus,2020,ABC,20667
MONKFISH,Lophius americanus,2021,ABC,20667
MONKFISH,Lophius americanus,2022,ABC,20667
MONKFISH,Lophius americanus,2023,ABC,12085
MONKFISH,Lophius americanus,2024,ABC,12085
MONKFISH,Lophius americanus,2025,ABC,12085
"SCALLOP, SEA",Placopecten magellanicus,2020,ABC,"45,414"
"SCALLOP, SEA",Placopecten magellanicus,2021,ABC,"30,517"
"SCALLOP, SEA",Placopecten magellanicus,2022,ABC,"25,724"
"SCALLOP, SEA",Placopecten magellanicus,2023,ABC,"19,828"
"SCALLOP, SEA",Placopecten magellanicus,2024,ABC,"21,497"
"SCALLOP, SEA",Placopecten magellanicus,2025,ABC,"17,901"