FISHERY,SCI_NAM,YEAR,Vessels,Fishing trips,FMP revenue,Non-FMP revenue,Total revenue per trip
MONKFISH,Lophius americanus,2007,317,4826,17984599.4,2604109.446,4266.199737
MONKFISH,Lophius americanus,2008,322,4660,18262534.23,2910160.037,4543.493479
MONKFISH,Lophius americanus,2009,284,3782,13652490.36,2323473.171,4224.209353
MONKFISH,Lophius americanus,2010,250,3398,13520372.75,2766937.136,4793.197629
MONKFISH,Lophius americanus,2011,236,3924,20672678.44,3814773.059,6240.42589
MONKFISH,Lophius americanus,2012,233,3904,19387504.3,3932523.134,5973.367187
MONKFISH,Lophius americanus,2013,186,3362,12729582.62,2852795.659,4634.852356
MONKFISH,Lophius americanus,2014,189,2832,12042869.86,3054475.164,5330.983073
MONKFISH,Lophius americanus,2015,173,3182,13506028.11,2789626.137,5121.201611
MONKFISH,Lophius americanus,2016,163,3032,13904195.1,2596166.972,5442.073292
MONKFISH,Lophius americanus,2017,165,2747,11938805.71,2918581.955,5408.592488
MONKFISH,Lophius americanus,2018,132,2360,9057433.673,1985356.898,4679.146944
MONKFISH,Lophius americanus,2019,115,2276,9193858.653,2069553.577,4948.770131
MONKFISH,Lophius americanus,2020,85,1206,3554804.298,1344857.939,4062.73385
MONKFISH,Lophius americanus,2021,82,1317,4259088.244,1122442.481,4086.203989
MONKFISH,Lophius americanus,2022,81,1241,5192129.569,1483560.667,5379.27769
MONKFISH,Lophius americanus,2023,82,1107,4106650.682,1577660.084,5134.879616
MONKFISH,Lophius americanus,2024,59,721,2022354.688,811526.6379,3930.482526
"SCALLOP, SEA",Placopecten magellanicus,2007,784,19009,572077887.5,6048726.59,30413.31661
"SCALLOP, SEA",Placopecten magellanicus,2008,761,16882,538539165.4,4777098.565,32183.17162
"SCALLOP, SEA",Placopecten magellanicus,2009,668,15437,541380479.7,3056927.265,35268.3489
"SCALLOP, SEA",Placopecten magellanicus,2010,641,11219,645143096.6,2347392.762,57713.74238
"SCALLOP, SEA",Placopecten magellanicus,2011,680,12959,816942676.8,2689721.335,63248.12594
"SCALLOP, SEA",Placopecten magellanicus,2012,717,12648,770692616.7,3129971.602,61181.41738
"SCALLOP, SEA",Placopecten magellanicus,2013,756,12966,628374641.1,2067220.174,48622.6918
"SCALLOP, SEA",Placopecten magellanicus,2014,764,12344,560942614.2,2655123.295,45657.62428
"SCALLOP, SEA",Placopecten magellanicus,2015,719,12091,575540830.3,1755379.326,47745.94074
"SCALLOP, SEA",Placopecten magellanicus,2016,743,14328,629325935.9,1340043.246,44016.32714
"SCALLOP, SEA",Placopecten magellanicus,2017,799,14135,649994864.5,939699.7207,46051.25546
"SCALLOP, SEA",Placopecten magellanicus,2018,773,14206,665674444.8,1066639.22,46933.76231
"SCALLOP, SEA",Placopecten magellanicus,2019,734,13443,702612780.6,486522.6957,52302.25656
"SCALLOP, SEA",Placopecten magellanicus,2020,724,13896,579750803.4,374157.4586,41747.61996
"SCALLOP, SEA",Placopecten magellanicus,2021,709,12617,779728139.6,445020.0412,61835.07458
"SCALLOP, SEA",Placopecten magellanicus,2022,698,11841,516582337.4,240938.2755,43646.92723
"SCALLOP, SEA",Placopecten magellanicus,2023,605,8684,365541248.1,100080.7065,42105.17822
"SCALLOP, SEA",Placopecten magellanicus,2024,632,9072,333327682,247962.8165,36769.80198